id	area	emacs_source	activation	priority	target_semantics	disposition	implementation	dependencies	divergence	verification_state	verification_evidence	blocked_by	notes
KEY-001	01-keybindings	docs/emacs-inventory.md#1.1	startup	P0	Start in normal state and support a reliable normal-to-insert-to-normal editing roundtrip.	exact	lem-yath/src/keybindings.lisp	lem-vi-mode	none	automated	scripts/interactive-test.sh#01-boot-normal;scripts/interactive-test.sh#02-insert-roundtrip	none	Scope is the tested startup and insert roundtrip, not every Evil command.
KEY-002	01-keybindings	docs/emacs-inventory.md#1.2	keybound	P0	Use Space as leader in normal and visual states and resolve every declared Lem leader chord to its intended command.	exact	lem-yath/src/keybindings.lisp	lem-vi-mode	none	automated	scripts/boot-test.sh#leader-bindings;scripts/interactive-test.sh#11-visual-leader	none	Command-level parity is tracked separately where implementations diverge.
KEY-003	01-keybindings	docs/emacs-inventory.md#1.2	keybound	P1	Send the active region, otherwise buffer text through the end of the current word or punctuation, to the LLM with C-c i.	approximation	lem-yath/src/keybindings.lisp;lem-yath/src/llm.lisp	curl,OpenRouter API,OPENROUTER_API_KEY	Without a region Lem stops exactly at point, while installed gptel advances a mid-token point over remaining word or punctuation syntax; Lem exposes the region path from native VISUAL because selecting enters that state, and successful backends focus a separate output buffer rather than inserting the response at the source position.	automated	scripts/llm-keybinding-test.sh	none	The real ncurses test invokes C-c i against an isolated backend and verifies exact-once dispatch, outer-whitespace trimming, blank refusal, end-of-token, mid-word, and mid-punctuation text through point from INSERT, inclusive forward and reverse character regions from VISUAL, source preservation, and dispatch from the expected state; network transport is tracked separately by AI-001.
KEY-004	01-keybindings	docs/emacs-inventory.md#1.1	keybound	P0	C-u in insert state deletes back to indentation without leaving insert state.	exact	lem-yath/src/vi.lisp;lem-yath/src/keybindings.lisp	lem-vi-mode	none	automated	scripts/interactive-test.sh#16-insert-C-u	none	none
KEY-005	01-keybindings	docs/emacs-inventory.md#1.1	keybound	P0	C-n and C-p remain ordinary logical-line movement outside completion-specific keymaps.	exact	lem-yath/src/keybindings.lisp	lem-vi-mode	none	automated	scripts/interactive-test.sh#20-control-line-motion	none	Emacs achieves this by unbinding Evil overrides; Lem binds the intended fall-through behavior directly.
KEY-006	01-keybindings	docs/emacs-inventory.md#1.3	keybound	P0	Provide the configured global window, duplicate, recent-file, grep, find-name, and buffer-list workflows on their expected bindings.	approximation	lem-yath/src/keybindings.lisp;lem-yath/src/tools.lisp;lem-yath/src/find-name.lisp	lem-core,ripgrep,findutils	Find-name lacks Dired marking, file operations, and process cancellation; list-buffers lacks the configured Ibuffer saved groups; and visual-block or rectangle duplication remains unsupported.	automated	scripts/daily-workflows-test.sh;lem-yath/src/keybindings.lisp	none	The TUI suite exercises M-j, M-g r, M-s f, and C-x C-b; M-o and M-s g remain source-verified.
KEY-007	01-keybindings	docs/emacs-inventory.md#1.4	keybound	P2	Provide mode-local Claude Code, Notmuch payment-email, Elfeed archive, Salta, and project outline bindings.	approximation	lem-yath/src/keybindings.lisp;lem-yath/src/apps/salta.lisp;lem-yath/src/apps/elfeed.lisp	lem-claude-code,curl,xdg-utils	No project-local consult-outline binding and Notmuch payment-email bridge is not reproduced.	source-only	lem-yath/src/keybindings.lisp;lem-yath/src/apps/salta.lisp;lem-yath/src/apps/elfeed.lisp	none	Individual app behavior remains separately tracked.
KEY-008	01-keybindings	docs/emacs-inventory.md#1.5	keybound	P0	Support ys, ds, cs, visual S, and padded delimiter surround editing while retaining native operators.	approximation	lem-yath/src/vi.lisp	lem-vi-mode	Tag prompts and syntax-aware balancing are missing.	automated	scripts/interactive-test.sh#10-evil-surround;scripts/interactive-test.sh#08-native-delete;scripts/interactive-test.sh#09-native-change	none	Core tested grammar works, but the known missing grammar prevents an exact claim.
KEY-009	01-keybindings	docs/emacs-inventory.md#1.5	keybound	P0	Match the configured evil-snipe 2.1.3 motions, scopes, repeat maps, operators, highlighting, cancellation, and whitespace behavior.	exact	lem-yath/src/vi.lisp	lem-vi-mode	none	automated	scripts/snipe-test.sh;scripts/interactive-test.sh#05-snipe;scripts/interactive-test.sh#15-snipe-parity	none	The real TUI gate covers case-sensitive s/S/f/F/t/T, initial visible and repeat whole-visible scopes, counts and dot replay, persistent and transient direction reversal, z/Z/x/X endpoints, Return reuse, leading whitespace, EOF and overlap edges, incremental/final faces, cancellation, reload, and jumplist behavior.
KEY-010	01-keybindings	docs/emacs-inventory.md#1.5	keybound	P0	Use gc as a normal-state operator and visual-state action with language-appropriate line comments.	exact	lem-yath/src/vi.lisp	lem-vi-mode	none	automated	scripts/interactive-test.sh#04-gc-operator	none	Verified in Lisp and Python buffers.
KEY-011	01-keybindings	docs/emacs-inventory.md#1.5	keybound	P0	Repeated SPC v expands the selection through useful syntactic units.	approximation	lem-yath/src/vi.lisp	lem-vi-mode	Expansion is delimiter and line based rather than parser-backed expreg semantics.	automated	scripts/interactive-test.sh#21-expand-region	none	The tested word-to-enclosing-pair progression is preserved.
KEY-012	01-keybindings	docs/emacs-inventory.md#1.5	hook	P0	Enable delimiter-safe Lispyville-style operators, atom movement, slurp/barf, and configured structural transforms in all configured Lisp-family buffers.	exact	lem-yath/src/structural.lisp	lem-paredit-mode,lem-lisp-mode,lem-clojure-mode,lem-scheme-mode	none	automated	scripts/structural-test.sh	none	Exact is limited to the configured key theme and the behavior matrix exercised by the 20 TUI checks.
KEY-013	01-keybindings	docs/emacs-inventory.md#1.2	keybound	P1	Jump to visible lines, characters, and symbols with Avy-style target selection.	approximation	lem-yath/src/keybindings.lisp;lem-yath/src/vi.lisp	lem-vi-mode	Lem uses goto-line, snipe, and symbol isearch rather than on-screen target hints.	source-only	lem-yath/src/keybindings.lisp;lem-yath/src/vi.lisp	none	Bindings preserve destinations but not Avy interaction semantics.
KEY-014	01-keybindings	docs/emacs-inventory.md#1.1	startup	P1	Match the active Emacs cursor colors for normal, insert, and buffer-local Emacs states, with portable shape cues for visual and replace states.	approximation	lem-yath/src/cursor-state.lisp;lem-yath/src/ui.lisp	lem-vi-mode,ncurses terminal	Lem renders state color on the cursor cell rather than changing a terminal-wide hardware cursor color; the workwin-only 2px bars and hollow visual cursor are unavailable, so visual remains a default-color box and replace a default-color underline.	automated	scripts/cursor-state-test.sh	none	NORMAL is a red box, INSERT a green bar, and C-z EMACS a cyan box; C-z returns to the prior buffer-local state, while the frame-multiplexer prefix remains available on C-x t. The real TUI gate checks raw DECSCUSR shapes, rendered SGR color, mark semantics, buffer isolation, prompt restoration, reload, and exit restoration.
KEY-015	01-keybindings	docs/emacs-inventory.md#1.5	keybound	P0	Retain Vim linewise operators, counts, dot-repeat, and register semantics alongside custom operator dispatch.	exact	lem-yath/src/vi.lisp;lem-yath/src/structural.lisp	lem-vi-mode	none	automated	scripts/interactive-test.sh#13-doubled-operators;scripts/interactive-test.sh#14-count-repeat;scripts/interactive-test.sh#22-Y-linewise;scripts/structural-test.sh#15-counts;scripts/structural-test.sh#16-safe-yank	none	Scope is the explicitly tested operator and register behavior.
EDIT-001	02-editing	docs/emacs-inventory.md#2	startup	P0	Use spaces for indentation with tab width four and allow mode-specific indentation rules.	exact	lem-yath/src/editing.lisp;lem-yath/src/editorconfig.lisp	lem-core,editorconfig-core-c,coreutils	none	automated	scripts/formatting-test.sh	none	The focused gate proves the global no-tabs/tab-width defaults and official-CLI-resolved indent_style, indent_size, and tab_width hierarchy in a programming buffer.
EDIT-002	02-editing	docs/emacs-inventory.md#2	hook	P0	Trim trailing whitespace only on lines touched during editing when saving a programming buffer.	exact	lem-yath/src/editing.lisp	lem-core	none	automated	scripts/editing-test.sh;scripts/formatting-test.sh	none	The hermetic editing test covers touched-line epochs and exclusions; the formatting gate proves that EditorConfig false/absent retains this policy, while true deliberately adds whole-buffer normalization.
EDIT-003	02-editing	docs/emacs-inventory.md#2	startup	P0	Automatically insert balanced delimiter pairs globally.	approximation	lem-yath/src/electric-pair.lisp;lem-yath/src/structural.lisp	lem-core,lem-paredit-mode	Pair insertion, counts, escapes, local balance reuse, whitespace skipping, prompts, and Paredit integration work; full forward balance scanning across forms, global adjacent-pair Backspace, and zero-result prompt recovery remain absent.	automated	scripts/electric-editing-test.sh;scripts/auto-completion-test.sh#electric-pair-cancellation;scripts/prompt-completion-test.sh#delimiter-query	none	The real TUI exercises Fundamental, Python, Lisp/Paredit, completion, numeric prefixes, odd/even escapes, balanced and unmatched adjacent delimiters, whitespace/newline skipping, read-only buffers, undo, Vi replace/visual isolation, and mode hook preservation.
EDIT-004	02-editing	docs/emacs-inventory.md#2	startup	P1	Typing replaces an active selection.	exact	lem-yath/src/electric-pair.lisp	lem-core,lem-vi-mode,lem-paredit-mode	none	automated	scripts/electric-editing-test.sh	none	The exact claim is scoped to the target: ordinary insertion replaces forward or reverse nonempty Emacs-style regions. Openers wrap instead; the TUI verifies mark state, orientation, zero-width marks, one-step undo, read-only buffers, Paredit precedence, and Vi visual isolation. Lem deliberately escapes an unmatched embedded quote to keep a wrapped Lisp string valid rather than reproduce Lispy's raw interior quote.
EDIT-005	02-editing	docs/emacs-inventory.md#2	startup	P0	Provide built-in undo and redo with raised history limits plus a navigable visual undo tree.	approximation	patches/lem-undo-tree.patch;patches/lem-transient-bottom-restore.patch;lem-yath/src/vundo.lisp;lem-yath/src/keybindings.lisp;lem-yath/src/persistence.lisp;lem-yath/src/formatting.lisp;flake.nix	lem-core,diffutils,coreutils,SBCL	The configured numeric budgets apply to retained UTF-8 edit payload rather than Emacs heap usage; Lem also imposes node, edit, and 128 MiB route-work caps, stores no historical point per node, lacks Vundo numeric prefixes and debug keys i/D, and has no API for discarding speculative transactions.	automated	scripts/vundo-test.sh	none	The real ncurses gate covers retained branches, preferred ordinary undo/redo, branch/stem/save-event navigation, live preview, distant point and view restoration, mark/diff, save and dirty after-save descendants, rollback and accept, delayed-leader bottom-pane restoration, direct and hook-driven teardown, near-cap wide-tree pruning, asymmetric-route and stale-generation refusal, read-only behavior, and private temporary files.
EDIT-006	02-editing	docs/emacs-inventory.md#2	keybound	P1	M-j duplicates the active region when present, otherwise the current line.	approximation	lem-yath/src/tools.lisp;lem-yath/src/keybindings.lisp	lem-core,lem-vi-mode	Visual-block or rectangle duplication is explicitly unsupported.	automated	scripts/daily-workflows-test.sh	none	The TUI suite covers Emacs-compatible unterminated-EOF newlines, exact point retention, one-step undo, forward and reverse VISUAL selections, V-LINE retention, and Paredit's structural M-j precedence.
EDIT-007	02-editing	docs/emacs-inventory.md#2	keybound	P1	Fill the current paragraph and optionally auto-fill while typing at the configured column.	exact	lem-yath/src/editing.lisp;lem-yath/src/keybindings.lisp	cl-ppcre	none	automated	scripts/interactive-test.sh#17-fill-paragraph;scripts/interactive-test.sh#19-auto-fill-toggle	none	Exact is limited to the tested plain-text paragraph and buffer-local toggle semantics.
EDIT-008	02-editing	docs/emacs-inventory.md#2	startup	P2	Disable lockfiles, backup files, and auto-save files.	exact	lem-yath/src/persistence.lisp;upstream:lem-core	lem-core,lem-auto-save	none	automated	scripts/persistence-test.sh	none	The real ncurses gate edits and waits without saving, proves the visited file is unchanged, verifies auto-save remains inactive, and rejects Lem- and Emacs-style backup, lock, and auto-save sidecars.
EDIT-009	02-editing	docs/emacs-inventory.md#2	keybound	P1	Toggle visual line wrapping without changing the underlying buffer.	approximation	lem-yath/src/ui.lisp;lem-yath/src/keybindings.lisp	lem-core	Emacs visual-line-mode wraps at word boundaries, while Lem wraps at the display-width boundary, so displayed rows can break at different positions.	automated	scripts/ui-parity-test.sh;scripts/screen-line-test.sh	none	The UI gate verifies truncated startup and reversible buffer-local wrapping; the 40-column gate verifies that the toggle also reversibly activates the configured Vi policy.
EDIT-010	02-editing	docs/emacs-inventory.md#2	declared-only	P3	Expose interactive multiple-cursor editing only if the Emacs configuration actually does so.	n-a	none	multiple-cursors	Emacs only uses multiple-cursors internally for a streaming cursor overlay.	n-a	none	none	No interactive port target is implied by package declaration alone.
EDIT-011	02-editing	docs/emacs-inventory.md#1.1	keybound	P1	While visual-line mode is active, give Evil's j/k, gj/gk, 0/g0, $/g$, I/A, D/C, doubled line operators/registers, paste, and V the configured screen-line versus logical-line semantics.	approximation	lem-yath/src/vi.lisp;lem-yath/src/structural.lisp;lem-yath/src/cursor-state.lisp;patches/lem-vi-screen-line.patch;flake.nix	lem-core,lem-vi-mode,ncurses display-row geometry	Emacs visual-line-mode wraps at word boundaries, while Lem wraps at display width, so displayed-row boundaries can differ even though the modal policy matches.	automated	scripts/screen-line-test.sh	none	The 40-column ncurses gate covers reversible policy, conditional and inverse motions, counts and goals, endpoints, I/A, characterwise and linewise operators/registers, Visual rows, BOL promotion, paste, undo/redo, CJK/tab widths, empty ranges, boundary clamping, and Lispyville delimiter safety plus its character-register quirk.
COMP-001	03-completion	docs/emacs-inventory.md#3	startup	P0	Show command candidates automatically; support Prescient literal, regexp, and initialism matching; cycle and persist learned ranking without closing on Space.	exact	lem-yath/src/completion.lisp	lem-completion-mode,filesystem	none	automated	scripts/completion-test.sh;scripts/interactive-test.sh#07-mx-prescient	none	The exact claim is scoped to the prompt behaviors exercised by the real TUI suite.
COMP-002	03-completion	docs/emacs-inventory.md#3	startup	P0	Apply Prescient filtering and learned ranking to buffer-switching prompts while retaining filename annotations.	exact	lem-yath/src/completion.lisp	lem-completion-mode	none	automated	scripts/prompt-completion-test.sh	none	The real TUI distinguishes same-basename buffers by path, selects one, and verifies that learned ranking moves it first on reopen.
COMP-003	03-completion	docs/emacs-inventory.md#3	startup	P0	Keep file completion on partial path-component matching while applying learned candidate ranking.	exact	lem-yath/src/completion.lisp;patches/lem-completion-lifecycle.patch	lem-core	none	automated	scripts/prompt-completion-test.sh	none	The real TUI verifies automatic refresh, slash-preserving directory acceptance, nested hyphen-component matching, selection, and learned ranking without losing the directory prefix.
COMP-004	03-completion	docs/emacs-inventory.md#3	startup	P1	Annotate completion candidates with useful contextual metadata.	approximation	upstream:lem-completion-mode	lem-completion-mode	M-x preserves keybinding annotations, but broader Marginalia category annotations are absent.	source-only	lem-yath/src/completion.lisp	none	none
COMP-005	03-completion	docs/emacs-inventory.md#3	hook	P0	Offer automatic in-buffer completion after a 3-character prefix and 0.2-second idle delay in terminal buffers.	exact	lem-yath/src/auto-completion.lisp;patches/lem-completion-lifecycle.patch	lem-completion-mode,LSP,timers	none	automated	scripts/auto-completion-test.sh	none	The real TUI verifies the threshold, wall-clock delay, debounce, ten-row popup, non-cycling boundaries, singleton display, full-token replacement, movement and buffer-switch cleanup, Escape cancellation, and stale asynchronous rejection.
COMP-006	03-completion	docs/emacs-inventory.md#3	command	P1	Compose Cape file and dynamic-abbreviation fallbacks with mode-local completion providers.	exact	lem-yath/src/auto-completion.lisp	lem-completion-mode,filesystem	none	automated	scripts/auto-completion-test.sh	none	Mode-local completion is authoritative, matching live Eglot exclusivity; otherwise same-major-mode dabbrev precedes file-at-point completion, and both fallbacks are exercised through ncurses.
COMP-007	03-completion	docs/emacs-inventory.md#3	hook	P1	Expand private and community snippets globally with placeholder and field navigation through Tab.	approximation	lem-yath/src/snippets.lisp;flake.nix	yasnippet,yasnippet-snippets,Lem overlays	The audited data-only grammar is implemented, but 144 executable or conditional definitions remain unavailable; stacked sessions, direct bindings, and redo revival are absent.	automated	scripts/snippet-test.sh	none	The real TUI covers fields, defaults, mirrors, nesting, repeated placeholders, zero fields, navigation, completion and Vi precedence, Paredit, indentation, lifecycle cleanup, undo, and a pinned Python community snippet.
COMP-008	03-completion	docs/emacs-inventory.md#3	keybound	P0	Find project files, grep a project, switch projects, and switch among project buffers.	approximation	lem-yath/src/project.lisp;lem-yath/src/keybindings.lisp;lem-yath/src/base.lisp	lem-core,lem-transient,git,fd,ripgrep,coreutils	Consult live preview and identical candidate metadata remain absent; non-Git marker projects retain Lem's broader root semantics, and the shared upstream history file is not transaction-safe across concurrent processes.	automated	scripts/project-navigation-test.sh	none	The real ncurses gate covers clean-profile auto-registration, fresh-process MRU persistence, tracked and untracked Git files, ignored and sibling exclusion, Emacs regexp conversion, exact file/non-file buffer membership, request-local cancellation, malformed and cyclic submodules, asynchronous bounded search, every configured leader workflow, arbitrary-directory selection, and project dispatch.
COMP-009	03-completion	docs/emacs-inventory.md#3	keybound	P1	Search LSP symbols across the workspace from SPC p s.	approximation	lem-yath/src/ide.lisp;lem-yath/src/keybindings.lisp;patches/lem-project-lsp-workspaces.patch	lem-lsp-mode,lem-completion-mode	The command sends one bounded workspace/symbol query and then narrows locally with annotated Prescient candidates; Consult's incremental server queries and preview-on-move are absent.	automated	scripts/lsp-project-test.sh	none	The real ncurses gate verifies project-correct routing, JSON-RPC error recovery, name/kind/container/file annotations, selection, and the final file/line/character jump.
COMP-010	03-completion	docs/emacs-inventory.md#3	keybound	P1	Offer context-sensitive actions for the current candidate or object and integrate those actions with search results.	approximation	lem-yath/src/actions.lisp;lem-yath/src/keybindings.lisp	lem-core,lem-vi-mode,lem-completion-mode,lem/transient,lem-lsp-mode	Ncurses cannot distinguish C-. so completion-local actions use C-c a; target cycling, act-all, collect/export/live views, arbitrary Embark action-map composition, and richer embark-consult adapters remain unavailable.	automated	scripts/actions-test.sh	none	The real ncurses suite verifies exact normal/visual leader and completion-local bindings, target-specific dispatch and cancellation, forward/reverse region priority, URL copy, relative and property-backed files, identifier definition/reference delegation, native-menu delegation, completion copy-without-accept and exact-once acceptance, peek locations, stale-target safety, and reload idempotence; LSP code-action gating, external opening, and buffer actions remain source-inspected.
COMP-011	03-completion	docs/emacs-inventory.md#3	command	P2	Edit grep result matches in place and write changes back to source files.	unassessed	upstream:lem/grep	lem/grep	unassessed	source-only	docs/lem-capabilities.md#completion-and-prompt	assessment	Capability survey reports editable grep, but this repository has no behavioral verification.
COMP-012	03-completion	docs/emacs-inventory.md#3	hook	P0	Keep plain LSP completion display, filtering, and insertion-text precedence distinct; run final acceptance once and reject out-of-order asynchronous results.	exact	patches/lem-completion-lifecycle.patch	lem-completion-mode,lem-lsp-mode	none	automated	scripts/completion-lifecycle-test.sh;scripts/lsp-snippet-test.sh	none	The exact claim covers label, filterText, insertText, TextEdit and InsertReplaceEdit newText precedence, tracked full replacement ranges, distinct final-insert and post-accept callbacks, singleton acceptance, per-generation origin validation, and logical cancellation; resolved documentation/detail, item defaults, insertTextMode, and completion commands remain separate gaps.
COMP-013	03-completion	docs/emacs-inventory.md#3	hook	P1	Apply case-smart, space-separated Orderless matching to in-buffer candidates and expose the Corfu separator workflow.	approximation	lem-yath/src/orderless.lisp;lem-yath/src/auto-completion.lisp;patches/lem-completion-lifecycle.patch	lem-completion-mode,lem-lsp-mode,cl-ppcre	CL-PPCRE is not Emacs regexp syntax; the pinned default % character-fold and & annotation dispatchers are absent; initialism is scoped to deterministic ASCII word boundaries.	automated	scripts/orderless-completion-test.sh	none	The real TUI verifies the portable configured matcher subset, raw filtering before the display cap, filterText identity, M-Space local ownership without spaced provider queries, stale-result rejection, zero-match recovery, tracked replacement, manual completion, and prompt/file isolation.
COMP-014	03-completion	docs/emacs-inventory.md#1.3	keybound	P1	M-s f prompts for a directory and wildcard, finds matching names recursively, and keeps navigable results available after visiting a match.	approximation	lem-yath/src/find-name.lisp;lem-yath/src/keybindings.lisp	lem-core,lem-vi-mode,findutils	The persistent path list lacks Dired marking, file operations, long-list columns, and C-c C-k process cancellation.	automated	scripts/daily-workflows-test.sh	none	The real TUI verifies both prompts, asynchronous results, files and directories, literal Unix metacharacters, control-character escaping, argv safety, buffer ownership, read-only persistence, Vi Return, and q.
COMP-015	03-completion	docs/emacs-inventory.md#3	hook	P1	Expand the configured private Org jjs snippet, replace its language default, and finish at the blank source-block body position.	exact	lem-yath/src/snippets.lisp;lem-yath/snippets/org-mode/srcblock.snpt	yasnippet,Lem overlays	none	automated	scripts/snippet-test.sh	none	The fixture uses the exact private file body and checks text, active field, one-based point, and final session teardown through ncurses.
COMP-016	03-completion	docs/emacs-inventory.md#3	hook	P2	Run community snippet conditions, command snippets, backquoted Emacs Lisp, and field transforms with Yasnippet semantics.	gap	none	Emacs Lisp runtime,sandbox policy	The 144 executable or conditional pinned definitions are classified as unavailable and their embedded code is never evaluated.	blocked	none	safe executable snippet runtime	Data-only expansion is intentionally fail-closed; adding an evaluator without an explicit security model would violate the implementation boundary.
COMP-017	03-completion	docs/emacs-inventory.md#4	hook	P2	Interpret LSP completion items whose insertTextFormat is Snippet and preserve their placeholder session after acceptance.	approximation	lem-yath/src/lsp-snippets.lisp;lem-yath/src/snippets.lisp;patches/lem-completion-lifecycle.patch	lem-lsp-mode,Lem overlays	Common Eglot-to-Yasnippet fields, defaults, mirrors, nesting, exits, ranges, and key precedence work, but strict TextMate variables, choices, transforms, and escaping are not implemented.	automated	scripts/lsp-snippet-test.sh	none	The real ncurses gate covers pre-rendered fail-closed installation, dynamic capability advertising, format-1 literals, insertText, TextEdit, InsertReplaceEdit.replace, exact-once insertion, mirrors, Tab and Return, malformed recovery, no raw partial syntax, and inert server-supplied backquotes.
COMP-018	03-completion	docs/emacs-inventory.md#4	hook	P1	Resolve an accepted LSP completion item lazily and apply direct or resolved additionalTextEdits without corrupting its primary insertion.	approximation	patches/lem-completion-lifecycle.patch;patches/jsonrpc-timeout-cleanup.patch;flake.nix	lem-lsp-mode,jsonrpc,Lem undo	Acceptance is synchronously bounded at two seconds, only additionalTextEdits is advertised and imported, invalid or overlapping batches are skipped rather than reproduced with Eglot's order-dependent behavior, and Lem has no native change group for rollback after an arbitrary throwing mutation hook.	automated	scripts/lsp-snippet-test.sh	none	The real ncurses gate verifies deferred exact-once resolve, timeout-state cleanup, original-primary preservation, direct and resolved edits around a length-changing snippet, literal $1 additional text, UTF-16 composite ranges, read-only preflight, one-step undo, and fail-closed invalid or overlapping batches.
IDE-001	04-ide-language-tooling	docs/emacs-inventory.md#4	hook	P1	Start an LSP client for supported local programming buffers while avoiding inappropriate transient or remote buffers.	approximation	lem-yath/src/ide.lisp;patches/lem-project-lsp-workspaces.patch;flake.nix	lem-lsp-mode,language servers	Temporary and fileless buffers are excluded and unsupported modes fail cleanly; Lem has no TRAMP-equivalent remote-file transport, while the diagnostics fallback policy is tracked separately.	automated	scripts/lsp-project-test.sh;scripts/real-lsp-test.sh	none	The hermetic project fixture starts a real stdio server only for file-backed registered modes and verifies the fileless guard; the installed-wrapper gate also proves configuration and LSP attachment occur before a command-line file's caller eval.
IDE-002	04-ide-language-tooling	docs/emacs-inventory.md#4	hook	P1	Automatically start rust-analyzer for local Rust buffers in the current Emacs project.	approximation	lem-yath/src/ide.lisp;flake.nix	rust-analyzer,cargo,rustc,clippy,lem-rust-mode,lem-lsp-mode	Lem roots each workspace at the nearest Cargo.toml, while Eglot uses the project.el project root, normally the VC root.	automated	scripts/real-lsp-test.sh	none	The installed-wrapper gate resolves the packaged server and Rust toolchain, completes a real initialize handshake from an automatically selected Rust buffer, asserts its Cargo root and attachment, invokes project shutdown, and proves the client process exits.
IDE-003	04-ide-language-tooling	docs/emacs-inventory.md#4	command	P1	When Eglot is started for a Python project, select pyright-langserver over stdio.	approximation	lem-yath/src/ide.lisp;flake.nix	pyright-langserver,lem-python-mode,lem-lsp-mode	Lem starts Pyright automatically and roots at the nearest Python metadata marker; the current Emacs config has no Python Eglot hook and uses the project.el root after manual startup.	automated	scripts/real-lsp-test.sh	none	The installed-wrapper gate resolves packaged pyright-langserver, completes a real stdio handshake from an automatically selected Python buffer, asserts workspace ownership, and proves clean project shutdown.
IDE-004	04-ide-language-tooling	docs/emacs-inventory.md#4	hook	P1	Automatically start harper-ls over stdio for local Markdown prose buffers.	approximation	lem-yath/src/ide.lisp;flake.nix;patches/lem-lsp-pipe-stdio.patch	harper-ls,lem-markdown-mode,lem-lsp-mode	Lem has one Markdown mode and roots Harper at the nearest .git directory; Emacs hooks markdown-mode and markdown-ts-mode separately and uses their project.el root.	automated	scripts/lsp-project-test.sh;scripts/real-lsp-test.sh	none	The installed-wrapper gate proves a real pipe-backed Harper handshake, observes Harper's workspace/configuration request, verifies post-initialize liveness, attachment, root, capabilities, and process cleanup; the project LSP gate separately proves diagnostic publication and overlay cleanup without depending on Harper's version-specific prose rules.
IDE-005	04-ide-language-tooling	docs/emacs-inventory.md#4	hook	P1	Start nixd for local Nix buffers, derive nixpkgs and known option expressions from the nearest flake, and configure formatting when a formatter is executable.	approximation	lem-yath/src/ide.lisp;flake.nix	nixd,nixfmt-rfc-style,lem-nix-mode,lem-lsp-mode	Emacs supplies its outer :nixd section through workspace configuration and its declared daemon PATH normally contains no formatter candidate; Lem sends the equivalent inner map as initializationOptions, packages nixfmt-rfc-style, and chooses the nearest Nix marker rather than the project.el root.	automated	scripts/real-lsp-test.sh	none	The installed-wrapper gate completes a real nixd handshake and checks executable provenance, canonical ownership, the frozen initialization-options map, formatter availability, and clean process shutdown.
IDE-006	04-ide-language-tooling	docs/emacs-inventory.md#4	hook	P1	Automatically start gopls for local Go buffers in the current Emacs project.	approximation	upstream:lem-go-mode;flake.nix	gopls,lem-go-mode,lem-lsp-mode	Emacs runs gopls over boosted stdio at the project.el root; upstream Lem runs gopls serve -port over TCP at the nearest go.mod and additionally sets completeUnimported and matcher initialization options.	automated	scripts/real-lsp-test.sh	none	The installed-wrapper gate resolves packaged gopls, completes the real TCP handshake, checks mode, spec, root, attachment, capabilities, and initialization options, then terminates both client and server process.
IDE-007	04-ide-language-tooling	docs/emacs-inventory.md#4	hook	P1	Use Eclipse JDT language services and Google Java formatting for Java buffers.	gap	none	jdtls,lem-java-mode	No jdtls spec or launcher integration is configured.	blocked	none	language-server integration	Syntax highlighting alone is not IDE parity.
IDE-008	04-ide-language-tooling	docs/emacs-inventory.md#4	hook	P2	Connect GDScript buffers to the Godot language server.	gap	none	Godot LSP	Lem has no configured GDScript mode or Godot LSP transport.	blocked	none	language mode and transport	none
IDE-009	04-ide-language-tooling	docs/emacs-inventory.md#4	hook	P2	Provide C-sharp language mode and LSP diagnostics using an available server.	unassessed	upstream:lem-csharp-mode	C-sharp LSP server	unassessed	none	none	assessment	Inventory itself does not pin the Emacs server, and Lem runtime coverage is not audited.
IDE-010	04-ide-language-tooling	docs/emacs-inventory.md#4	keybound	P1	Format the active programming buffer with the language-appropriate formatter.	approximation	lem-yath/src/formatting.lisp;lem-yath/src/keybindings.lisp;lem-yath/src/editorconfig.lisp	diffutils,external formatters,lem-lsp-mode	The built-in mode/backend registry is finite; format-on-save is synchronous and LSP fallback is manual-only when no mapped backend is usable, with no async worker, formatter prompt, or Apheleia-style per-project backend table.	automated	scripts/formatting-test.sh	none	The TUI gate covers CLI-first manual formatting, stable point/mark and undo, final save rewrite ordering, direct argv plus timeout, CLI-process failure isolation, prose exclusion, and reload safety.
IDE-011	04-ide-language-tooling	docs/emacs-inventory.md#4	hook	P1	Use LSP diagnostics when managed and a non-LSP linter otherwise.	approximation	upstream:lem-lsp-mode	lem-lsp-mode	LSP diagnostics are available, but there is no Flycheck-equivalent non-LSP linter policy.	source-only	docs/port-map.md#behavioral-divergences-worth-knowing	none	none
IDE-012	04-ide-language-tooling	docs/emacs-inventory.md#4	startup	P2	Automatically select installed tree-sitter grammars and use high-detail syntax highlighting.	approximation	upstream:lem-tree-sitter	lem-tree-sitter,tree-sitter grammars	Tree-sitter support is available but manually enabled; modes default to TextMate highlighting.	source-only	docs/lem-capabilities.md#tree-sitter	none	none
IDE-013	04-ide-language-tooling	docs/emacs-inventory.md#4	command	P2	Debug Python, Go, Rust, C, and C++ through DAP adapters with breakpoints.	gap	none	debugpy,delve,lldb-dap,DAP client	Lem has no configured DAP client.	blocked	none	DAP client	none
IDE-014	04-ide-language-tooling	docs/emacs-inventory.md#4	command	P1	Provide Lisp evaluation and an interactive development environment for Common Lisp and Clojure.	approximation	upstream:lem-lisp-mode;upstream:lem-clojure-mode	SBCL or other Lisp,nREPL	Lem has strong native Lisp tooling, but exact IELM, CIDER, Scheme, and Racket workflows are not equivalent.	source-only	docs/lem-capabilities.md#lisp-mode-full-slime-like-env	none	none
IDE-015	04-ide-language-tooling	docs/emacs-inventory.md#4	hook	P2	Recognize Just, Meson, nginx, Nushell, and Typst files with dedicated major modes.	gap	none	dedicated Lem modes	These files fall back to fundamental mode.	blocked	none	language modes	none
IDE-016	04-ide-language-tooling	docs/emacs-inventory.md#4	hook	P0	Interpret LSP document positions consistently after non-BMP characters in edits, diagnostics, navigation, symbols, formatting, and completion.	exact	patches/lem-completion-lifecycle.patch	lem-lsp-mode,LSP UTF-16	none	automated	scripts/lsp-snippet-test.sh	none	The real ncurses gate checks UTF-8/16/32 round trips, split-surrogate rejection, originating-workspace selection, adjacent and invalid generic edits, diagnostics, highlights, symbols, definitions, and composite completion ranges; the client advertises UTF-16 only.
IDE-017	04-ide-language-tooling	docs/emacs-inventory.md#4	hook	P0	For project-scoped local-file language servers, own one server per canonical root, deduplicate and bound startup, migrate buffer ownership, and restart or stop one project without disturbing another.	exact	patches/lem-project-lsp-workspaces.patch;flake.nix	lem-lsp-mode,jsonrpc,language servers	none	automated	scripts/lsp-project-test.sh	none	The real stdio/ncurses gate covers concurrent same-root startup, cross-root isolation and save-as migration, mode/diagnostic/handler cleanup, initialization timeout, idle retention/reuse/explicit stop, project-only restart, bounded shutdown with forced disposal, graceful exit on responsive paths, PID death, and editor-exit cleanup; a runtime contract separately preserves Lem Lisp-v2's deliberately global connection selection.
IDE-018	04-ide-language-tooling	docs/emacs-inventory.md#4	hook	P1	Automatically start terraform-ls for local Terraform buffers in the current Emacs project.	approximation	upstream:lem-terraform-mode;flake.nix	terraform-ls,lem-terraform-mode,lem-lsp-mode	Emacs runs terraform-ls serve over boosted stdio at the project.el root; upstream Lem runs terraform-ls serve -port over TCP and falls back to the nearest .git root.	automated	scripts/real-lsp-test.sh	none	The installed-wrapper gate resolves packaged terraform-ls, completes the real TCP handshake, checks automatic mode selection, root, attachment, and capabilities, then proves the client and server process are cleaned up.
VCS-001	05-vcs	docs/emacs-inventory.md#5	keybound	P1	Open a full Git porcelain supporting status, stage, commit, branch, push, pull, stash, and rebase.	approximation	lem-yath/src/git.lisp	lem/legit,git	Legit covers the core porcelain but is not a behavior-identical Magit interface.	source-only	lem-yath/src/git.lisp;docs/lem-capabilities.md#git	none	none
VCS-002	05-vcs	docs/emacs-inventory.md#5	keybound	P1	Dispatch SPC g g to Jujutsu when inside a jj worktree and otherwise to Git status.	approximation	lem-yath/src/git.lisp;lem-yath/src/keybindings.lisp;patches/lem-git-worktree.patch;flake.nix	jj,git,lem/legit	The jj side is a read-only status and log buffer rather than Majutsu porcelain.	automated	scripts/vcs-test.sh	none	The installed-wrapper TUI gate starts with an empty inherited PATH, proves pinned Git and jj availability, and exercises smart and forced dispatch, g r refresh, q return, and exact source-directory restoration in real colocated jj/Git and Git-only linked-worktree fixtures whose paths contain shell metacharacters.
VCS-003	05-vcs	docs/emacs-inventory.md#5	hook	P1	Show per-line Git changes in programming buffers.	exact	lem-yath/src/git.lisp;patches/lem-git-worktree.patch	lem-git-gutter,git	none	automated	scripts/vcs-test.sh	none	Exact is scoped to this row's per-line programming-buffer target. The real linked-worktree TUI gate renders added, modified, and deleted markers, proves prose and utility exclusion, preserves another gutter provider, reserves no blank clean column, and checks mode changes, real idle debounce execution plus undo, cleanup, and reload safety.
VCS-004	05-vcs	docs/emacs-inventory.md#5	keybound	P2	Step backward and forward through revisions of the current file and jump to a chosen revision.	exact	lem-yath/src/apps/timemachine.lisp;lem-yath/src/keybindings.lisp	git	none	automated	scripts/vcs-test.sh	none	Exact is scoped to the row target: the real TUI gate exercises C-k/C-j plus g t g/g t t selection across a rename, translated source anchors, q restoration of the exact live source buffer and point, and rejection of a recreated untracked path that still has history. Optional git-timemachine hash-copy and blame commands remain outside this target and are not implemented.
VCS-005	05-vcs	docs/emacs-inventory.md#5	keybound	P2	Browse and mutate Jujutsu history through a Magit-style porcelain.	gap	none	jj,Majutsu-equivalent UI	Only read-only jj status and log output is implemented.	blocked	none	Jujutsu porcelain	VCS-002 tracks the narrower smart-dispatch approximation.
VCS-006	05-vcs	docs/emacs-inventory.md#5	hook	P2	Display TODO and FIXME items inside the Git status UI.	gap	none	magit-todos-equivalent	Legit has no configured TODO section.	blocked	none	status-section extension	none
VCS-007	05-vcs	docs/emacs-inventory.md#5	command	P2	Manage forge pull requests and issues from the editor's Git UI.	gap	none	GitHub or GitLab forge client	No forge integration is configured.	blocked	none	forge client	none
UI-001	06-ui	docs/emacs-inventory.md#6	startup	P1	Load Modus Vivendi Tinted at startup with the current Emacs foreground, background, and semantic color palette.	approximation	lem-yath/src/theme.lisp	lem-core,ncurses terminal	Lem exposes fewer face roles than Emacs, and the terminal frontend maps the retained hex values through the terminal's available color model; the host-gated business profile remains unported.	automated	scripts/ui-parity-test.sh	none	The installed-wrapper TUI gate verifies the theme name, resolved base and semantic colors, idempotent reload, and multiple rendered foreground classes.
UI-002	06-ui	docs/emacs-inventory.md#6	hook	P0	Show relative line numbers in programming buffers only.	exact	lem-yath/src/ui.lisp	lem/line-numbers	none	automated	scripts/ui-parity-test.sh	none	The real active-mode gate checks distance 2 in saved and unsaved Lisp buffers, exclusion in Markdown, and preservation of another left-gutter provider.
UI-003	06-ui	docs/emacs-inventory.md#6	hook	P2	Recenter and briefly pulse the destination after Consult or imenu jumps.	approximation	upstream:lem-core	lem-core	Lem recenters some jumps but does not reproduce the configured pulse effect and hooks.	source-only	docs/port-map.md#pulsar	none	none
UI-004	06-ui	docs/emacs-inventory.md#6	hook	P2	Draw indentation guides in programming buffers.	gap	none	indent-guide renderer	No indent-bars equivalent is configured for the ncurses frontend.	blocked	none	UI renderer	none
UI-005	06-ui	docs/emacs-inventory.md#6	hook	P1	Color nested delimiters distinctly in programming buffers and highlight matching pairs.	approximation	lem-yath/src/theme.lisp;lem-yath/src/ui.lisp;upstream:lem-lisp-mode;upstream:lem-show-paren	lem-lisp-mode,lem-show-paren	Nested coloring is limited to six cycling depths in Common Lisp; Emacs applies rainbow-delimiters throughout prog-mode with additional depths, while other Lem modes retain only matching-pair highlighting.	automated	scripts/ui-parity-test.sh	none	The real TUI gate checks six syntax properties and exact Modus colors plus a live two-overlay matching pair.
UI-006	06-ui	docs/emacs-inventory.md#6	startup	P3	Select JetBrainsMono Nerd Font with configured fallbacks and size.	n-a	none	terminal emulator	The ncurses frontend inherits font selection from the terminal rather than controlling it.	n-a	none	none	A graphical Lem frontend would need a separate target row.
UI-007	06-ui	docs/emacs-inventory.md#6	startup	P1	Start without a tab header, create and manage tabs on demand through C-x t, and undo or redo window layouts.	approximation	lem-yath/src/ui.lisp	lem/frame-multiplexer	Startup and on-demand tab behavior match, but Lem's frame multiplexer is not a complete Emacs tab implementation and winner-style window-layout history is absent.	automated	scripts/ui-parity-test.sh	none	The TUI gate proves a header-free startup, C-x t 2 creation of a second tab, reload preservation, and explicit return to the header-free state; C-z remains shadowed by buffer-local Evil state handling.
UI-008	06-ui	docs/emacs-inventory.md#6	startup	P1	Replace the stock directory browser with a richer file-management interface.	approximation	upstream:lem-directory-mode;upstream:lem-filer	lem-directory-mode,lem-filer	Lem provides directory and filer modes but not Dirvish's exact presentation and integrations.	source-only	docs/lem-capabilities.md#apps-and-extras	none	none
UI-009	06-ui	docs/emacs-inventory.md#6	keybound	P2	Center document text to a configurable width within the current window.	gap	none	window-margin support	No centered-view command or binding is configured.	blocked	none	window margin API	none
UI-010	06-ui	docs/emacs-inventory.md#6	host-gated	P3	Apply the office-document visual profile only on configured business hosts and document modes.	gap	none	font and face profile,host detection	The host-gated business visual and document modes are not ported.	blocked	none	optional visual profile	none
UI-011	06-ui	docs/emacs-inventory.md#6	startup	P1	Show available continuations after a prefix and provide transient command menus.	approximation	lem-yath/src/keybindings.lisp;patches/lem-transient-delay-race.patch	lem/transient	Only the configured Space leader tree receives automatic continuation help; arbitrary non-leader prefixes remain silent unless they are native transient menus.	automated	scripts/ui-parity-test.sh	none	Normal and visual states share one described map; the TUI verifies bounded one-second timing, isolated upstream timing, immediate nested refresh, reload/cache cleanup, queued-callback rejection, Escape, and fast dispatch.
UI-012	06-ui	docs/emacs-inventory.md#6	startup	P1	Start ordinary buffers with long lines truncated and without a global current-line highlight.	exact	lem-yath/src/ui.lisp	lem-core	none	automated	scripts/ui-parity-test.sh	none	The installed-wrapper TUI gate verifies both global defaults, clipped rendering of a long-line tail, buffer-local wrap toggling, and idempotent reload.
NOTE-001	07-org-notes	docs/emacs-inventory.md#7	startup	P0	Resolve the notes root from WORKDIR with a home/work fallback and operate on the same shared files.	exact	lem-yath/src/workspace.lisp;lem-yath/src/notes.lisp	WORKDIR,filesystem	none	automated	scripts/notes-test.sh	none	The hermetic suite covers unset, empty, relative, absolute, tilde, and nonexistent roots plus cached runtime and exported fallback behavior.
NOTE-002	07-org-notes	docs/emacs-inventory.md#7.1	keybound	P1	Capture inbox, TODO, reading, and public TODO entries into their configured Org locations with CREATED metadata and public IDs.	approximation	lem-yath/src/notes.lisp;lem-yath/src/keybindings.lisp	filesystem,WORKDIR,PUBLIC_ORG_DIR	File placement and subtree safety match, but the full org-capture interaction, context insertion, and template engine are absent.	automated	scripts/notes-test.sh	none	The hermetic suite verifies exact Inbox placement, the public target, UUID shape, and timestamps.
NOTE-003	07-org-notes	docs/emacs-inventory.md#7.2	keybound	P1	Find, insert, and open random Org or Markdown roam notes under WORKDIR/roam.	approximation	lem-yath/src/notes.lisp;lem-yath/src/keybindings.lisp	filesystem,WORKDIR	File scanning works without org-roam's database, backlinks, aliases, tags, or completion metadata.	source-only	lem-yath/src/notes.lisp;lem-yath/src/keybindings.lisp	none	none
NOTE-004	07-org-notes	docs/emacs-inventory.md#7.2	startup	P2	Treat Markdown front-matter notes as first-class members of the roam graph.	approximation	lem-yath/src/notes.lisp	filesystem,WORKDIR	Markdown files are discoverable, but there is no graph database or front-matter-aware indexing.	source-only	lem-yath/src/notes.lisp	none	none
NOTE-005	07-org-notes	docs/emacs-inventory.md#7.2	keybound	P1	Open today's daily note or a validated date directly under WORKDIR/roam using the established filename layout.	approximation	lem-yath/src/notes.lisp;lem-yath/src/keybindings.lisp	filesystem,WORKDIR	The safe file layout is preserved, but org-roam capture templates and metadata are reduced.	automated	scripts/notes-test.sh	none	The suite verifies leap dates, rejects traversal and impossible dates, and forbids the legacy daily subdirectory.
NOTE-006	07-org-notes	docs/emacs-inventory.md#7.3	keybound	P1	Create journal entries under roam/journal with the configured date filename and heading formats.	approximation	lem-yath/src/notes.lisp;lem-yath/src/keybindings.lisp	filesystem,WORKDIR	Core file placement exists without org-journal navigation and calendar integrations.	source-only	lem-yath/src/notes.lisp;lem-yath/src/keybindings.lisp	none	none
NOTE-007	07-org-notes	docs/emacs-inventory.md#1.2	keybound	P1	Create or reuse a valid Org ID property on the current heading with SPC m I.	exact	lem-yath/src/notes.lisp;lem-yath/src/keybindings.lisp	filesystem	none	automated	scripts/interactive-test.sh#18-org-id	none	Verified against a plain Org fixture and UUID property drawer.
NOTE-008	07-org-notes	docs/emacs-inventory.md#7.4	keybound	P1	Display actionable items grouped into useful agenda views from files under WORKDIR.	approximation	lem-yath/src/apps/agenda.lisp;lem-yath/src/keybindings.lisp	filesystem,WORKDIR	The scanner provides overdue, today, upcoming, and TODO groups without org-agenda editing semantics or arbitrary agenda commands.	source-only	lem-yath/src/apps/agenda.lisp;lem-yath/src/keybindings.lisp	none	none
NOTE-009	07-org-notes	docs/emacs-inventory.md#7.5	hook	P1	Edit Org documents with folding, links, tables, TODO workflows, visual styling, and agenda integration.	approximation	lem-yath/src/org/parser.lisp;lem-yath/src/org/folding.lisp;lem-yath/src/org/mode.lisp;lem-yath/src/org/commands.lisp;patches/lem-hidden-lines.patch;lem-yath/src/apps/agenda.lisp	lem-core,lem-vi-mode,cl-ppcre,hidden-line renderer support	The custom parser and editing layer cover a bounded subset; Evil-Org text objects and wider operator/endpoint themes, timestamp/schedule/deadline workflows, source editing/execution, richer list/table semantics, Babel/export, org-modern terminal glyph composition, and the initial Org scratch buffer remain absent.	automated	scripts/org-test.sh	none	The ncurses gate verifies mode/faces and negative key ownership; local/global folding, exact ellipses, atomic hidden-row motion, reveal, reload, and multi-buffer cleanup without file mutation; structurally safe heading insertion; the full TODO cycle with immediate persistence; checklist and table insertion targets; indented and hline-only table alignment; relative file links; and complete-subtree transforms. Agenda scanning remains the separate NOTE-008 approximation.
NOTE-010	07-org-notes	docs/emacs-inventory.md#7.5	command	P2	Execute configured Babel languages, apply trust policy, preview LaTeX, and publish notes to HTML.	gap	none	Org Babel and publishing engine	No Babel execution or Org publishing layer is configured.	blocked	none	Org execution and export engine	none
NOTE-011	07-org-notes	docs/emacs-inventory.md#7.6	keybound	P2	Search bibliography entries and open their files, URLs, or notes from the configured bibliography paths.	approximation	lem-yath/src/apps/citar.lisp;lem-yath/src/keybindings.lisp	filesystem,xdg-utils,BibTeX files	Citar-like lookup exists, but Ebib, RefTeX, org-ref, and richer citation insertion are absent.	source-only	lem-yath/src/apps/citar.lisp;lem-yath/src/keybindings.lisp	none	none
NOTE-012	07-org-notes	docs/emacs-inventory.md#7.7	host-gated	P3	Sync selected actionable Org headings to the external nodes graph only on configured hosts.	gap	none	nodes-org-sync,PostgreSQL,host policy	The host-gated save hook and graph projection are not configured.	blocked	none	external graph integration	Do not broaden this into automatic IDs for all agenda entries.
APP-001	08-apps	docs/emacs-inventory.md#8	command	P2	Search and read indexed mail, refresh the index, and open relevant message content.	approximation	lem-yath/src/apps/notmuch.lisp	notmuch,filesystem	The CLI-backed reader omits composition, SMTP, attachment PDF preview, and Outlook-specific integration.	source-only	lem-yath/src/apps/notmuch.lisp	none	none
APP-002	08-apps	docs/emacs-inventory.md#8	command	P2	Read Miniflux feeds through the Fever API and archive entries through archive.is.	approximation	lem-yath/src/apps/elfeed.lisp	curl,Miniflux Fever API,xdg-utils	Core feed listing and reading are ported without Elfeed's full filtering and local database behavior.	source-only	lem-yath/src/apps/elfeed.lisp	none	none
APP-003	08-apps	docs/emacs-inventory.md#8	command	P3	Render PDFs inside the editor and preview mail PDF attachments.	gap	none	PDF renderer,ncurses-compatible viewer	PDFs are opened externally rather than rendered in Lem.	blocked	none	PDF rendering	none
APP-004	08-apps	docs/emacs-inventory.md#8	declared-only	P3	Open and navigate EPUB books inside the editor.	gap	none	EPUB renderer	No EPUB major mode or renderer is configured.	blocked	none	EPUB rendering	none
APP-005	08-apps	docs/emacs-inventory.md#8	command	P2	Run an interactive terminal inside the editor for tools such as Claude Code.	approximation	upstream:lem-terminal	libvterm,lem-terminal	Lem terminal is analogous to vterm, but the configured Claude backend interaction is not verified.	source-only	docs/lem-capabilities.md#apps-and-extras	none	none
APP-006	08-apps	docs/emacs-inventory.md#8	keybound	P2	Install DevDocs indexes, search entries, render documentation text, and open the source page in a browser.	approximation	lem-yath/src/apps/devdocs.lisp;lem-yath/src/keybindings.lisp	curl,xdg-utils,DevDocs	Feature is implemented from the DevDocs API but has no network-isolated behavior test.	source-only	lem-yath/src/apps/devdocs.lisp;lem-yath/src/keybindings.lisp	none	none
APP-007	08-apps	docs/emacs-inventory.md#8	command	P3	Connect to PostgreSQL, list tables, run queries, render result tables, and refresh the last query.	approximation	lem-yath/src/apps/pg.lisp	psql,PostgreSQL	The psql-backed viewer is narrower than pgmacs and lacks editing and object-browser depth.	source-only	lem-yath/src/apps/pg.lisp	none	none
APP-008	08-apps	docs/emacs-inventory.md#1.4	keybound	P2	Search properties and inspect property, contractor, reckoner, financial, and payment data through the Salta prefix.	approximation	lem-yath/src/apps/salta.lisp;lem-yath/src/keybindings.lisp	curl,Salta PostgREST API,credentials	The major workflows are implemented, but live API and payment-email bridge parity are unverified.	source-only	lem-yath/src/apps/salta.lisp;lem-yath/src/keybindings.lisp	none	none
AI-001	09-ai	docs/emacs-inventory.md#9.1	keybound	P2	Stream prompts to OpenRouter using openrouter/auto, a short system message, and an environment-provided API key.	approximation	lem-yath/src/llm.lisp	curl,OpenRouter API,OPENROUTER_API_KEY	Streaming uses a separate output buffer rather than inserting at the source position and lacks gptel's conversation structure, model discovery cache, role UI, or stability layer.	source-only	lem-yath/src/llm.lisp	none	none
AI-002	09-ai	docs/emacs-inventory.md#9.1	command	P3	Use GitHub Copilot and Perplexity backends when credentials are available.	gap	none	Copilot API,Perplexity API	Only OpenRouter and CLI backends are configured.	blocked	none	backend implementations	none
AI-003	09-ai	docs/emacs-inventory.md#9.2	keybound	P2	Load and save named LLM presets and hand the current context to external Claude or ChatGPT applications.	approximation	lem-yath/src/llm.lisp;lem-yath/src/apps/llm-cli.lisp	OpenRouter API,CLI tools	Model prompting and backend selection exist, but saved presets and external-app handoff URLs are absent.	source-only	lem-yath/src/llm.lisp;lem-yath/src/apps/llm-cli.lisp	none	none
AI-004	09-ai	docs/emacs-inventory.md#9.3	command	P2	Drive Claude Code, Codex, and Grok CLI backends with streaming output and resumable sessions.	approximation	lem-yath/src/apps/llm-cli.lisp	claude,codex,grok	CLI adapters exist, but session metadata, agent rendering, and every gptel backend option are not equivalent.	source-only	lem-yath/src/apps/llm-cli.lisp	none	none
AI-005	09-ai	docs/emacs-inventory.md#9.3	command	P3	Authenticate ChatGPT Codex and Grok Build through OAuth and stream their native HTTP backends.	gap	none	OAuth2 PKCE,ChatGPT Codex API,Grok API	OAuth and token-refresh flows are not implemented.	blocked	none	OAuth backend	none
AI-006	09-ai	docs/emacs-inventory.md#9.4	keybound	P2	Open an IDE-integrated Claude Code session from normal state.	unassessed	lem-yath/src/keybindings.lisp	lem-claude-code,Claude Code	unassessed	source-only	lem-yath/src/keybindings.lisp	assessment	The binding exists, but no controlled Claude session test verifies terminal and diff behavior.
AI-007	09-ai	docs/emacs-inventory.md#9.4	startup	P3	Allow Claude Code to drive editor buffers and present changes through an MCP or websocket bridge with diff review.	approximation	upstream:lem-claude-code;upstream:lem-mcp-server	lem-claude-code,lem-mcp-server	Lem exposes related server capabilities, but Monet's websocket and ediff workflow is not reproduced exactly.	source-only	docs/lem-capabilities.md#apps-and-extras	none	none
AI-008	09-ai	docs/emacs-inventory.md#9.5	command	P3	Act as a generic MCP client hub that starts configured fetch and GitHub servers and exposes their tools to the LLM.	gap	none	MCP client,fetch server,GitHub MCP server	Lem's configured capability is primarily an MCP server, not a generic client hub.	blocked	none	MCP client	none
AI-009	09-ai	docs/emacs-inventory.md#9.3	command	P3	Expose read-only project, file-search, file-read, and symbol-reading tools to agentic LLM presets.	gap	none	LLM tool-calling framework	The OpenRouter client does not implement gptel's tool loop.	blocked	none	tool-calling framework	none
MISC-001	10-misc	docs/emacs-inventory.md#10	startup	P3	Relocate package state away from configuration directories before packages initialize.	n-a	none	no-littering	Lem and ASDF use different state locations; the Nix wrapper already directs build outputs to XDG cache.	n-a	none	none	This is platform plumbing rather than user-visible parity.
MISC-002	10-misc	docs/emacs-inventory.md#10	startup	P3	Tune garbage collection thresholds after startup to reduce Emacs pauses.	n-a	none	SBCL	Emacs gcmh tuning does not map directly to SBCL's collector.	n-a	none	none	Runtime performance should be measured independently.
MISC-003	10-misc	docs/emacs-inventory.md#10	hook	P1	Load the current direnv environment when entering a project.	gap	none	direnv	No direnv integration is configured.	blocked	none	environment integration	none
MISC-004	10-misc	docs/emacs-inventory.md#10	hook	P2	Transparently decrypt and re-encrypt SOPS-managed files while editing.	gap	none	sops	No global SOPS file handler is configured.	blocked	none	encryption integration	none
MISC-005	10-misc	docs/emacs-inventory.md#10	command	P2	Edit grep matches and persist the changes back to their source files.	unassessed	upstream:lem/grep	lem/grep	unassessed	source-only	docs/lem-capabilities.md#completion-and-prompt	assessment	The capability survey reports this behavior but the local test gate does not exercise it.
MISC-006	10-misc	docs/emacs-inventory.md#10	keybound	P1	Describe commands, variables, keys, and bindings from the leader help prefix.	approximation	lem-yath/src/base.lisp;lem-yath/src/keybindings.lisp	lem-core	Lem core help is used rather than Helpful's richer source and cross-reference presentation.	source-only	lem-yath/src/base.lisp;lem-yath/src/keybindings.lisp	none	none
MISC-007	10-misc	docs/emacs-inventory.md#10	hook	P1	Honor EditorConfig rules in programming buffers.	approximation	lem-yath/src/editorconfig.lisp;lem-yath/src/editing.lisp	editorconfig-core-c,coreutils	Only the documented core property mapping is applied, and charset changes occur after initial decoding and affect subsequent writes only; arbitrary EditorConfig plugin behavior is not reproduced.	automated	scripts/formatting-test.sh	none	The official CLI supplies hierarchy, root, and unset semantics for every steady-state local file buffer; the TUI covers indentation, LF/CR/CRLF, subsequent-write Latin-1, trailing whitespace, and final-newline behavior, while max_line_length mapping remains source-verified.
MISC-008	10-misc	docs/emacs-inventory.md#10	startup	P2	Start quietly and quickly without toolbars, menus, startup text, or configuration compilation noise.	approximation	lem-yath/init.lisp;flake.nix	Nix,SBCL,Lem ncurses	The wrapper starts quietly and caches ASDF outputs, but Emacs early-init tuning has no exact Lem analogue.	source-only	lem-yath/init.lisp;flake.nix	none	none
MISC-009	10-misc	docs/emacs-inventory.md#10	startup	P2	Start a reusable editor server and point EDITOR, VISUAL, and GIT_EDITOR at its client.	gap	none	Lem server/client integration	The configured wrapper starts a standalone ncurses editor process, not an Emacsclient-equivalent daemon workflow.	blocked	none	server workflow	none
MISC-010	10-misc	docs/emacs-inventory.md#10	startup	P1	Use ripgrep for project search with useful defaults and project-aware ignore behavior.	exact	lem-yath/src/project.lisp;flake.nix	ripgrep,git,coreutils	none	automated	scripts/project-navigation-test.sh	none	SPC p g converts Emacs regexp syntax, passes it after --, searches the exact tracked-plus-untracked project file set in bounded argv batches, and renders editable peek results off the editor thread.
MISC-011	10-misc	docs/emacs-inventory.md#10	startup	P1	Automatically revert changed files and persist places, prompt history, the kill ring, and searches.	approximation	lem-yath/src/persistence.lisp;patches/lem-safe-revert.patch;patches/lem-prompt-history-limit.patch	lem-core,sb-posix,filesystem	Command-triggered polling replaces Emacs idle timers and filesystem notifications; same-metadata rewrites above 16 MiB are detected on explicit save but not periodic scans; transactional reload snapshots are capped at 64 MiB; saved places cover local files but not directory buffers; non-file buffers require explicit adapters; prompt persistence is a reviewed default-deny subset; oversized entries remain live but are omitted; stale processes can resurrect cleared histories.	automated	scripts/persistence-test.sh	none	The 45-check ncurses gate covers safe clean and dirty external changes, large/deleted/new-file stale-save guards, Save As races, modified quit refusal, fresh-process file positions, separate literal/regexp history, prompt privacy/live caps, physical Vi-aware kill order, bounded non-evaluating state reads, private modes, failure-safe exit, and stale concurrent-process merging. Recent files remain split out under MISC-013.
MISC-012	10-misc	docs/emacs-inventory.md#10	startup	P3	Compile configuration ahead of time and avoid writing compiled artifacts into the source tree.	approximation	flake.nix;lem-yath/init.lisp	Nix,ASDF,SBCL	The Nix wrapper redirects ASDF outputs to cache and loads on demand rather than AOT native-compiling every source.	source-only	flake.nix;lem-yath/init.lisp	none	none
MISC-013	10-misc	docs/emacs-inventory.md#10	startup	P1	Persist a deduplicated MRU of at most 300 recent files across editor processes and open it with M-g r.	exact	lem-yath/src/tools.lisp;lem-yath/src/keybindings.lisp	lem-core,filesystem	none	automated	scripts/daily-workflows-test.sh	none	A pre-seeded oversized history is trimmed newest-first, index-reset, rewritten, and reloaded; reopening an older file then moves one entry to the front, and Return opens it.
MISC-014	10-misc	docs/emacs-inventory.md#10	startup	P2	Automatically persist modified bookmarks at exit and restore them in a fresh editor process.	gap	none	lem-bookmark,persistence integration	Pinned Lem provides explicit bookmark save and load commands but lem-yath does not automatically invoke them or isolate and merge bookmark state.	blocked	none	bookmark persistence integration	Bookmark creation and jumping remain available on SPC b m and SPC RET; this row tracks the configured Emacs lifecycle rather than the commands themselves.
GOV-001	11-priorities	docs/emacs-inventory.md#11.1	declared-only	P0	Treat daily modal editing, leader bindings, completion, navigation, editing defaults, structural editing, and UI basics as the first acceptance tier.	n-a	none	none	Priority classification is planning metadata rather than runtime behavior.	n-a	none	none	The behavior rows above carry the actionable dispositions and evidence.
GOV-002	11-priorities	docs/emacs-inventory.md#11.2	declared-only	P1	Treat language tooling, VCS, notes, debugging, and AI entry points as the second acceptance tier.	n-a	none	none	Priority classification is planning metadata rather than runtime behavior.	n-a	none	none	Rows may use P1 or P2 based on current daily impact while preserving the inventory tier as source context.
GOV-003	11-priorities	docs/emacs-inventory.md#11.3	declared-only	P3	Track bespoke applications and host-gated integrations explicitly even where Lem has no counterpart.	n-a	none	none	Priority classification is planning metadata rather than runtime behavior.	n-a	none	none	Gaps remain visible instead of disappearing from package-centric summaries.
DECL-002	appendix-declared-packages	docs/emacs-inventory.md#packages-declared-in-nix-but-with-no-explicit-elisp-config	dead	P3	Do not port a Doom modeline that is referenced only by a dead customization variable and is not installed.	n-a	none	doom-modeline	The reference has no active target semantics.	n-a	none	none	Keep dead configuration out of implementation scope.
DECL-003	appendix-declared-packages	docs/emacs-inventory.md#packages-declared-in-nix-but-with-no-explicit-elisp-config	declared-only	P3	Assess default-only language packages before claiming their modes or workflows are required.	unassessed	upstream:lem-language-modes	yaml,meson,nginx,just,cider,clojure,go,typst	unassessed	source-only	docs/emacs-inventory.md#packages-declared-in-nix-but-with-no-explicit-elisp-config	assessment	Explicitly separates package installation from configured behavior.
DECL-004	appendix-declared-packages	docs/emacs-inventory.md#packages-declared-in-nix-but-with-no-explicit-elisp-config	declared-only	P3	Assess default-only Org and publishing packages before adding new port scope.	unassessed	none	org-ref,org-contrib,ob-async,cdlatex,engrave-faces	unassessed	source-only	docs/emacs-inventory.md#packages-declared-in-nix-but-with-no-explicit-elisp-config	assessment	No behavior should be inferred solely from package presence.
DECL-005	appendix-declared-packages	docs/emacs-inventory.md#packages-declared-in-nix-but-with-no-explicit-elisp-config	declared-only	P3	Assess nov and pgmacs defaults independently from the explicit app workflows already tracked.	unassessed	lem-yath/src/apps/pg.lisp	nov,pgmacs,pg	unassessed	source-only	docs/emacs-inventory.md#packages-declared-in-nix-but-with-no-explicit-elisp-config;lem-yath/src/apps/pg.lisp	assessment	Pgmacs has a narrower explicit Lem implementation; Nov remains a gap in APP-004.
